#{"t_start": 1745065387.1803935, "env_id": "MsPacmanNoFrameskip-v4"}
r,l,t
610.0,3265,3.003211
390.0,2201,4.416372
450.0,2177,5.785297
450.0,2177,7.134393
390.0,2201,8.532176
610.0,3265,10.548629
610.0,3265,12.598381
610.0,3265,14.72823
610.0,3265,16.728143
450.0,2177,18.049415
